{"assets/images/.DS_Store":["assets/images/.DS_Store"],"assets/images/doccure_banner.jpg":["assets/images/doccure_banner.jpg"],"assets/images/fairmart_banner.png":["assets/images/fairmart_banner.png"],"assets/images/ferche_banner.jpg":["assets/images/ferche_banner.jpg"],"assets/images/hyundai_banner.jpg":["assets/images/hyundai_banner.jpg"],"assets/images/ic_facebook.png":["assets/images/ic_facebook.png"],"assets/images/ic_linkedin.png":["assets/images/ic_linkedin.png"],"assets/images/mrj_banner.png":["assets/images/mrj_banner.png"],"assets/images/my_photo.jpg":["assets/images/my_photo.jpg"],"assets/images/my_photo.png":["assets/images/my_photo.png"],"assets/images/portfolio_banner.jpg":["assets/images/portfolio_banner.jpg"],"assets/videos/doctor_advice.mp4":["assets/videos/doctor_advice.mp4"],"packages/cupertino_icons/assets/CupertinoIcons.ttf":["packages/cupertino_icons/assets/CupertinoIcons.ttf"]}